0,Data/Model/Wall.mv1
0,Data/Model/Roof.mv1
0,Data/Model/Floor.mv1
0,Data/Model/NoGateWall.mv1
0,Data/Model/NoGateRoof.mv1
0,Data/Model/NoGateFloor.mv1
0,Data/Model/PerforatedWall.mv1
0,Data/Model/LaserLaunchPad.mv1
0,Data/Model/LaserCathcer.mv1
0,Data/Model/Exit.mv1
0,Data/Model/Pillar.mv1
0,Data/Model/Stairs.mv1
0,Data/Model/Catwalk.mv1
0,Data/Model/CatwalkShort.mv1
0,Data/Model/CatwalkFence.mv1
0,Data/Model/CatwalkFenceShort.mv1
0,Data/Model/CatwalkPillar.mv1
0,Data/Model/Gate_A_temp.mv1
0,Data/Model/Gate_B_temp.mv1
0,Data/Model/Player.mv1
0,Data/Model/Gun.mv1
0,Data/Model/HandObj.mv1
0,Data/Model/Button.mv1
0,Data/Model/Door.mv1
0,Data/Model/DoorArch.mv1
0,Data/Model/Turret.mv1
0,Data/Model/Piston.mv1
0,Data/Model/Glass.mv1
0,Data/Model/Bullet.mv1
0,Data/Model/Bed.mv1
0,Data/Model/Chair.mv1
0,Data/Model/Torpedo.mv1
1,Data/Shader/NormalPS.pso
1,Data/Shader/GatePosPS.pso
1,Data/Shader/NumPS.pso
1,Data/Shader/DissolvePS.pso
2,Data/Shader/NormalVS.vso
2,Data/Shader/SkinMeshVS.vso
3,Data/Image/Logo.png
3,Data/Image/Numbers.png
3,Data/Image/Dissolve.png
3,Data/Image/Frame.png
3,Data/Image/CommonFrame.png
3,Data/Image/CommonSelectFrame.png
3,Data/Image/RankS.png
3,Data/Image/RankA.png
3,Data/Image/RankB.png
3,Data/Image/RankC.png
3,Data/Image/RankShadow.png
3,Data/Image/Pad/A.png
3,Data/Image/Pad/B.png
3,Data/Image/Pad/X.png
3,Data/Image/Pad/Y.png
3,Data/Image/Pad/LT.png
3,Data/Image/Pad/RT.png
3,Data/Image/Pad/RB.png
3,Data/Image/Pad/Controller.png
3,Data/Image/Loading/image.png
3,Data/Image/Loading/fade.png
3,Data/Image/Loading/under.png
3,Data/Image/Ranking/Frame.png
3,Data/Image/Ranking/Arrow.png
3,Data/Image/Ranking/First.png
3,Data/Image/Ranking/Second.png
3,Data/Image/Ranking/Third.png
3,Data/Image/Ranking/Force.png
3,Data/Image/Ranking/Fifth.png
3,Data/Image/Title/SaveDataArm.png
3,Data/Image/Title/SaveDataArmFrame.png
3,Data/Image/Title/SaveDataWindow.png
3,Data/Image/Title/DecideArm.png
3,Data/Image/Title/DecideArmFrame.png
3,Data/Image/Title/DecideWindow.png
3,Data/Image/StageSelect/BackWindow.png
3,Data/Image/StageSelect/Window.png
3,Data/Image/StageSelect/NotReleaseFrame.png
3,Data/Image/StageSelect/ReleaseFrame.png
3,Data/Image/StageSelect/SelectFrame.png
3,Data/Image/StageSelect/DecorativeFrame.png
3,Data/Image/StageSelect/DividingLine.png
3,Data/Image/StageSelect/TimeBack.png
3,Data/Image/StageSelect/SelectObi.png
3,Data/Image/StageSelect/StageImage0.png
3,Data/Image/StageSelect/StageImage1.png
3,Data/Image/StageSelect/StageImage2.png
3,Data/Image/StageSelect/StageImage3.png
3,Data/Image/StageSelect/StageImage4.png
3,Data/Image/StageSelect/StageImage5.png
3,Data/Image/StageSelect/StageImage.png
3,Data/Image/StageSelect/StageImage7.png
3,Data/Image/StageSelect/StageImage8.png
3,Data/Image/StageSelect/StageImage.png
3,Data/Image/Tutorial/Frame.png
3,Data/Image/Tutorial/Perfect.png
3,Data/Image/Tutorial/Text0.png
3,Data/Image/Tutorial/Text1.png
3,Data/Image/Tutorial/Text2.png
3,Data/Image/Tutorial/Text3.png
3,Data/Image/Tutorial/Text4.png
3,Data/Image/Tutorial/Text5.png
3,Data/Image/Tutorial/Text6.png
3,Data/Image/Tutorial/Text7.png
3,Data/Image/Tutorial/Text8.png
3,Data/Image/Tutorial/CameraExpo0.png
3,Data/Image/Tutorial/CameraExpo1.png
3,Data/Image/Tutorial/MoveExpo.png
3,Data/Image/Tutorial/DashExpo.png
3,Data/Image/Tutorial/JumpExpo.png
3,Data/Image/Tutorial/GateExpo0.png
3,Data/Image/Tutorial/GateExpo1.png
3,Data/Image/Tutorial/GateExpo2.png
3,Data/Image/Tutorial/GateExpo3.png
3,Data/Image/Tutorial/GateExpo4.png
3,Data/Image/Tutorial/GateExpo5.png
3,Data/Image/Tutorial/ButtonExpo0.png
3,Data/Image/Tutorial/ButtonExpo1.png
3,Data/Image/Tutorial/HandExpo0.png
3,Data/Image/Tutorial/HandExpo1.png
3,Data/Image/Turotiral/EnergyExpo.png
3,Data/Image/Main/NowHpBar.png
3,Data/Image/Main/HitHpBar.png
3,Data/Image/Main/BaseHpBar.png
3,Data/Image/Main/HpFrame.png
3,Data/Image/Main/DamageFillter.png
3,Data/Image/Main/TimeBar.png
3,Data/Image/Main/LookSite.png
3,Data/Image/Main/CreateGateOrange.png
3,Data/Image/Main/CreateGateBlue.png
3,Data/Image/Main/NotCreateGateOrange.png
3,Data/Image/Main/NotCreateGateBlue.png
3,Data/Image/Option/Window.png
3,Data/Image/Option/BaseBar.png
3,Data/Image/Option/MainBar.png
3,Data/Image/Option/PlusBar.png
3,Data/Image/Clear/Window.png
3,Data/Image/Clear/TimeFrame.png
3,Data/Image/Clear/RankingUpdate.png
3,Data/Image/Option/VolumePoint.png
3,Data/Image/Tutorial/Test1.png
3,Data/Image/Tutorial/Test2.png
3,Data/Image/Tutorial/Test3.png
4,Data/Sound/Se/Player/Landing.mp4
4,Data/Sound/Se/Player/Walk.mp3
4,Data/Sound/Se/Player/Shot.mp3
4,Data/Sound/Se/Player/Damage.mp3
4,Data/Sound/Se/Gate/Open.mp3
4,Data/Sound/Se/Gate/Warp.mp3
4,Data/Sound/Se/Gimmick/ButtonPush.mp4
4,Data/Sound/Se/Gimmick/DoorOpen.mp3
4,Data/Sound/Se/Gimmick/EnergyShot.mp3
4,Data/Sound/Se/Gimmick/EnergyCatch.mp3
4,Data/Sound/Se/UI/Cancel.mp3
4,Data/Sound/Se/UI/Decide.mp3
4,Data/Sound/Se/UI/Move.mp3
4,Data/Sound/Bgm/Title.mp3
4,Data/Sound/Bgm/StageSelect.mp3
4,Data/Sound/Bgm/Main.mp3
4,Data/Sound/Bgm/Result.mp3
5,Data/Effekseer/GateBulletBlue.efk
5,Data/Effekseer/GateBulletOrange.efk
5,Data/Effekseer/TurretDeath.efk
5,Data/Effekseer/Bullet.efk
5,Data/Effekseer/MuzzleFlash.efk
5,Data/Effekseer/GateDelete.efk
5,Data/Effekseer/LaserBullet.efk
